[ 
    {
        "id":"p1",
        "name":"Maastricht",
        "kind":"nước ngoài",
        "image":"1",
        "thumbnail":["dannang1","dannang2","dannang3"],
        "price":5900000,
        "sale":4900000,
        "duration":"7 ngày 6 đêm",
        "transport":"Máy bay",
        "hotel":3,
        "start":"30/01/2024",
        "location":"Bac"
    },
    {
        "id":"p2",
        "name":"Bourtange",
        "kind":"nước ngoài",
        "image":"2",
        "thumbnail":["halong1","halong2","halong3"],
        "price":6900000,
        "sale":5900000,
        "duration":"8 ngày 7 đêm",
        "transport":"Máy bay",
        "hotel":4,
        "start":"30/01/2024",
        "location":"Bac"
    },
    {
        "id":"p3",
        "name":"Amsterdam",
        "kind":"nước ngoài",
        "image":"3",
        "thumbnail":["nhatrang1","nhatrang2","nhatrang3"],
        "price":5900000,
        "sale":4900000,
        "duration":"7 ngày 6 đêm",
        "transport":6.1,
        "hotel":4,
        "start":"01/09/2023",
        "location":"Bac"
    },
    {
        "id":"p4",
        "name":"netherland",
        "kind":"nước ngoài",
        "image":"4",
        "thumbnail":["phuquoc1","phuquoc2","phuquoc3"],
        "price":4900000,
        "sale":3900000,
        "duration":"8 ngày 7 đêm",
        "transport":"Máy bay, tàu",
        "hotel":3,
        "start":"30/08/2023",
        "location":"Bac"
    },
    {
        "id":"p5",
        "name":"breda",
        "kind":"nước ngoài",
        "image":"breda",
        "thumbnail":["phanthiet1","phanthiet2","phanthiet3"],
        "price":3900000,
        "sale":2900000,
        "duration":"7 ngày 6 đêm",
        "transport":"Máy bay",
        "hotel":4,
        "start":"30/01/2024",
        "location":"Nam"
    },
    {
        "id":"p6",
        "name":"gouda",
        "kind":"nước ngoài",
        "image":"gouda",
        "thumbnail":["phuquy1","phuquy2","phuquy3"],
        "price":4900000,
        "sale":3900000,
        "duration":"7 ngày 6 đêm",
        "transport":"Máy bay",
        "hotel":3,
        "start":"25/08/2023",
        "location":"Nam"
    },
    {
        "id":"p7",
        "name":"haarlem",
        "kind":"nước ngoài",
        "image":"haarlem",
        "thumbnail":["ninhchu1","ninhchu2","ninhchu3"],
        "price":3900000,
        "sale":2900000,
        "duration":"8 ngày 7 đêm",
        "transport":"Máy bay",
        "hotel":3,
        "start":"30/08/2023",
        "location":"Nam"
    },
    {
        "id":"p8",
        "name":"Dutch",
        "kind":"nước ngoài",
        "image":"5",
        "thumbnail":["dalat1","dalat2","dalat3"],
        "price":3900000,
        "sale":3200000,
        "duration":"5 ngày 4 đêm",
        "transport":"máy bay",
        "hotel":3,
        "start":"30/01/2024",
        "location":"Nam"
    }
    
]
